employee_id,name,age,gender,department,salary,join_date,years_of_experience,performance_score,remote_worker
EMP001,John Doe,29,Male,Engineering,75000.0,2020-03-15,4,85,True
EMP002,Jane Smith,34,Female,Marketing,82000.0,2018-07-22,8,92,False
EMP003,Robert Brown,33,Male,Sales,61000.0,2022-01-10,2,86,False
EMP004,Emily Davis,28,Female,Human Resources,58000.0,2021-04-15,5,78,True
EMP005,Michael Wilson,33,Male,Engineering,105000.0,2016-11-01,11,88,True
EMP006,Sarah Taylor,31,Female,Finance,95000.5,2019-09-18,7,90,False
EMP007,David Anderson,33,Male,Sales,60000.0,2023-02-01,1,65,False
EMP008,Jessica Thomas,42,Female,Human Resources,72000.0,2015-05-30,15,82,True
EMP009,James Jackson,36,Male,Finance,88000.0,2017-08-14,9,95,True
EMP010,Patricia White,29,Female,Marketing,82000.0,2021-12-05,4,74,False
EMP011,Christopher Harris,22,Male,Engineering,70000.0,2022-06-20,7,80,True
EMP012,Linda Martin,45,Female,Human Resources,110000.0,2013-04-12,18,91,False
EMP013,Daniel Lee,33,Male,IT,92000.0,2019-10-15,7,84,True
EMP014,Matthew King,38,Male,Finance,102000.0,2017-03-25,12,86,True
EMP015,Barbara Wright,33,Female,Engineering,85000.0,2020-05-18,6,86,False
EMP016,Anthony Scott,27,Male,Sales,63000.0,2021-08-11,3,79,True
EMP017,Mark Robinson,30,Male,IT,89000.0,2019-10-15,4,81,False
EMP018,Elizabeth Clark,39,Female,Marketing,91000.0,2016-02-19,13,89,True
EMP019,Andrew Lewis,30,Male,Engineering,78000.0,2020-10-08,5,83,False
EMP020,Joshua Young,41,Male,Finance,102000.0,2014-06-01,14,93,True
EMP021,Kevin Hall,26,Male,Sales,59000.0,2022-09-17,2,71,False
EMP022,Brian Allen,35,Male,IT,89000.0,2018-05-23,9,87,True
EMP023,Mary Green,48,Female,Finance,115000.0,2012-01-30,20,94,False
EMP024,Edward Adams,33,Male,Marketing,67000.0,2021-04-14,3,76,True
EMP025,Ronald Baker,32,Male,Engineering,84000.0,2019-12-03,7,88,True
EMP026,Timothy Nelson,29,Male,IT,76000.0,2020-07-29,4,82,False
EMP027,Jason Carter,52,Male,Human Resources,120000.0,2010-09-15,25,96,False
EMP028,Jeffrey Mitchell,37,Male,Engineering,98000.0,2016-10-10,10,89,True
EMP029,Ryan Perez,24,Male,Sales,55000.0,2023-05-02,1,68,True
EMP030,Gary Roberts,44,Male,Finance,108000.0,2014-11-20,16,92,False
